           PC-3,0.00
0.0,0.00
0.0,0.00
0.0,0.00
0.0,0.00
0.0,0.00
0.0,0.00
0.0,0.00
0.0,0.00
0.0,0.00
0.0,0.00
0.0,0.00
0.0,0.00
0.0,0.00
0.0,0.00
0.0,0.00
0.0,0.00
0.0,0.00
0.0,0.00
0.0,0.00
0.0,0.00
0.0,0.00
0.0,0.00
0.0,0.00
0.0,0.00
0.0,0.00
0.0,0.00
0.0,0.00
0.0,0.00
0.0,0.00
0.0,0.00
0.0,0.00
0.0,0.00
0.0,0.00
0.0,0.00
0.0,0.00
0.0,0.00
0.0,0.00
0.0,0.00
0.0,0.00
0.0,0.00
0.0,0.00
0.0,0.00
0.0,0.00
0.0,0.00
0.0,0.00
0.0,0.00
0.0,0.00
0.0,0.00
0.0,0.00
0.0,0.00
0.0,0.00
0.0,0.00
0.0,0.00
0.0,0.00
0.0,0.00
0.0,0.00
0.0,0.00
0.0,0.00
0.0,0.00
0.0,0.00
0.0,0.00
0.0,0.00
0.0,0.00
0.0,0.00
0.0,0.00
0.0,0.00
0.0,0.00
0.0,0.00
0.0,0.00
0.0,0.00
0.0,0.00
0.0,0.00
0.0,0.00
0.0,0.00
0.0,0.00
0.0,0.00
0.0,0.00
0.0,0.00
0.0,0.00
0.0,0.00
0.0,0.00
0.0,0.00
0.0,0.00
0.0,0.00
0.0,0.00
0.0,0.00
0.0,0.00
0.0,0.00
0.0,0.00
0.0,0.00
0.0,0.00
0.0,0.00
0.0,0.00
0.0,0.00
0.0,0.00
0.0,0.00
0.0,0.00
0.0,0.00
0.0,0.00
0.0,0.00
0.0,0.00
0.0,0.00
0.0,0.00
0.0,0.00
0.0,0.00
0.0,0.00
0.0,0.00
0.0,0.00
0.0,0.00
0.0,0.00
0.0,0.00
0.0,0.00
0.0,0.00
0.0,0.00
0.0,0.00
0.0,0.00
0.0,0.00
0.0,0.00
0.0,0.00
0.0,0.00
0.0,0.00
0.0,0.00
0.0,0.00
0.0,0.00
0.0,0.00
0.0,0.00
0.0,0.00
0.0,0.00
0.0,0.00
0.0,0.00
0.0,0.00
0.0,0.00
0.0,0.00
0.0,0.00
0.0,0.00
0.0,0.00
0.0,0.00
0.0,0.00
0.0,0.00
0.0,0.00
0.0,0.00
0.0,0.00
0.0,0.00
0.0,0.00
0.0,0.00
0.0,0.00
0.0,0.00
0.0,0.00
0.0,0.00
0.0,0.00
0.0,0.00
0.0,0.00
0.0,0.00
0.0,0.00
0.0,0.00
0.0,0.00
0.0,0.00
0.0,0.00
0.0,0.00
0.0,0.00
0.0,0.00
0.0,0.00
0.0,0.00
0.0,0.00
0.0,0.00
0.0,0.00
0.0,0.00
0.0,0.00
0.0,0.00
0.0,0.00
0.0,0.00
0.0,0.00
0.0,0.00
0.0,0.00
0.0,0.00
0.0,0.00
0.0,0.00
0.0,0.00
0.0,0.00
0.0,0.00
0.0,0.00
0.0,0.00
0.0,0.00
0.0,0.00
0.0,0.00
0.0,0.00
0.0,0.00
0.0,0.00
0.0,0.00
0.0,0.00
0.0,0.00
0.0,0.00
0.0,0.00
0.0,0.00
0.0,0.00
0.0,0.00
0.0,0.00
0.0,0.00
0.0,0.00
0.0,0.00
0.0,0.00
0.0,0.00
0.0,0.00
0.0,0.00
0.0,0.00
0.0,0.00
0.0,0.00
0.0,0.00
0.0,0.00
0.0,0.00
0.0,0.00
0.0,0.00
0.0,0.00
0.0,0.00
0.0,0.00
0.0,0.00
0.0,0.00
0.0,0.00
0.0,0.00
0.0,0.00
0.0,0.00
0.0,0.00
0.0,0.00
0.0,0.00
0.0,0.00
0.0,0.00
0.0,0.00
0.0,0.00
0.0,0.00
0.0,0.00
0.0,0.00
0.0,0.00
0.0,0.00
0.0,0.00
0.0,0.00
0.0,0.00
0.0,0.00
0.0,0.00
0.0,0.00
0.0,0.00
0.0,0.00
0.0,0.00
0.0,0.00
0.0,0.00
0.0,0.00
0.0,0.00
0.0,0.00
0.0,0.00
0.0,0.00
0.0,0.00
0.0,0.00
0.0,0.00
0.0,0.00
0.0,0.00
0.0,0.00
0.0,0.00
0.0,0.00
0.0,0.00
0.0,0.00
0.0,0.00
0.0,0.00
0.0,0.00
0.0,0.00
0.0,0.00
0.0,0.00
0.0,0.00
0.0,0.00
0.0,0.00
0.0,0.00
0.0,0.00
0.0,0.00
0.0,0.00
0.0,0.00
0.0,0.00
0.0,0.00
0.0,0.00
0.0,0.00
0.0,0.00
0.0,0.00
0.0,0.00
0.0,0.00
0.0,0.00
0.0,0.00
0.0,0.00
0.0,0.00
0.0,0.00
0.0,0.00
0.0,0.00
0.0,0.00
0.0,0.00
0.0,0.00
0.0,0.00
0.0,0.00
0.0,0.00
0.0,0.00
0.0,0.00
0.0,0.00
0.0,0.00
0.0,0.00
0.0,0.00
0.0,0.00
0.0,0.00
0.0,0.00
0.0,0.00
0.0,0.00
0.0,0.00
0.0,0.00
0.0,0.00
0.0,0.00
0.0,0.00
0.0,0.00
0.0,0.00
0.0,0.00
0.0,0.00
0.0,0.00
0.0,0.00
0.0,0.00
0.0,0.00
0.0,0.00
0.0,0.00
0.0,0.00
0.0,0.00
0.0,0.00
0.0,0.00
0.0,0.00
0.0,0.00
0.0,0.00
0.0,0.00
0.0,0.00
0.0,0.00
0.0,0.00
0.0,0.00
0.0,0.00
0.0,0.00
0.0,0.00
0.0,0.00
0.0,0.00
0.0,0.00
0.0,0.00
0.0,0.00
0.0,0.00
0.0,0.00
0.0,0.00
0.0,0.00
0.0,0.00
0.0,0.00
0.0,0.00
0.0,0.00
0.0,0.00
0.0,0.00
0.0,0.00
0.0,0.00
0.0,0.00
0.0,0.00
0.0,0.00
0.0,0.00
0.0,0.00
0.0,0.00
0.0,0.00
0.0,0.00
0.0,0.00
0.0,0.00
0.0,0.00
0.0,0.00
0.0,0.00
0.0,0.00
0.0,0.00
0.0,0.00
0.0,0.00
0.0,0.00
0.0,0.00
0.0,0.00
0.0,0.00
0.0,0.00
0.0,0.00
0.0,0.00
0.0,0.00
0.0,0.00
0.0,0.00
0.0,0.00
0.0,0.00
0.0,0.00
0.0,0.00
0.0,0.00
0.0,0.00
0.0,0.00
0.0,0.00
0.0,0.00
0.0,0.00
0.0,0.00
0.0,0.00
0.0,0.00
0.0,0.00
0.0,0.00
0.0,0.00
0.0,0.00
0.0,0.00
0.0,0.00
0.0,0.00
0.0,0.00
0.0,0.00
0.0,0.00
0.0,0.00
0.0,0.00
0.0,0.00
0.0,0.00
0.0,0.00
0.0,0.00
0.0,0.00
0.0,0.00
0.0,0.00
0.0,0.00
0.0,0.00
0.0,0.00
0.0,0.00
0.0,0.00
0.0,0.00
0.0,0.00
0.0,0.00
0.0,0.00
0.0,0.00
0.0,0.00
0.0,0.00
0.0,0.00
0.0,0.00
0.0,0.00
0.0,0.00
0.0,0.00
0.0,0.00
0.0,0.00
0.0,0.00
0.0,0.00
0.0,0.00
0.0,0.00
0.0,0.00
0.0,0.00
0.0,0.00
0.0,0.00
0.0,0.00
0.0,0.00
0.0,0.00
0.0,0.00
0.0,0.00
0.0,0.00
0.0,0.00
0.0,0.00
0.0,0.00
0.0,0.00
0.0,0.00
0.0,0.00
0.0,0.00
0.0,0.00
0.0,0.00
0.0,0.00
0.0,0.00
0.0,0.00
0.0,0.00
0.0,0.00
0.0,0.00
0.0,0.00
0.0,0.00
0.0,0.00
0.0,0.00
0.0,0.00
0.0,0.00
0.0,0.00
0.0,0.00
0.0,0.00
0.0,0.00
0.0,0.00
0.0,0.00
0.0,0.00
0.0,0.00
0.0,0.00
0.0,0.00
0.0,0.00
0.0,0.00
0.0,0.00
0.0,0.00
0.0,0.00
0.0,0.00
0.0,0.00
0.0,0.00
0.0,0.00
0.0,0.00
0.0,0.00
0.0,0.00
0.0,0.00
0.0,0.00
0.0,0.00
0.0,0.00
0.0,0.00
0.0,0.00
0.0,0.00
0.0,0.00
0.0,0.00
0.0,0.00
0.0,0.00
0.0,0.00
0.0,0.00
0.0,0.00
0.0,0.00
0.0,0.00
0.0,0.00
0.0,0.00
0.0,0.00
0.0,0.00
0.0,0.00
0.0,0.00
0.0,0.00
0.0,0.00
0.0,0.00
0.0,0.00
0.0,0.00
0.0,0.00
0.0,0.00
0.0,0.00
0.0,0.00
0.0,0.00
0.0,0.00
0.0,0.00
0.0,0.00
0.0,0.00
0.0,0.00
0.0,0.00
0.0,0.00
0.0,0.00
0.0,0.00
0.0,0.00
0.0,0.00
0.0,0.00
0.0,0.00
0.0,0.00
0.0,0.00
0.0,0.00
0.0,0.00
0.0,0.00
0.0,0.00
0.0,0.00
0.0,0.00
0.0,0.00
0.0,0.00
0.0,0.00
0.0,0.00
0.0,0.00
0.0,0.00
0.0,0.00
0.0,0.00
0.0,0.00
0.0,0.00
0.0,0.00
0.0,0.00
0.0,0.00
0.0,0.00
0.0,0.00
0.0,0.00
0.0,0.00
0.0,0.00
0.0,0.00
0.0,0.00
0.0,0.00
0.0,0.00
0.0,0.00
0.0,0.00
0.0,0.00
0.0,0.00
0.0,0.00
0.0,0.00
0.0,0.00
0.0,0.00
0.0,0.00
0.0,0.00
0.0,0.00
0.0,0.00
0.0,0.00
0.0,0.00
0.0,0.00
0.0,0.00
0.0,0.00
0.0,0.00
0.0,0.00
0.0,0.00
0.0,0.00
0.0,0.00
0.0,0.00
0.0,0.00
0.0,0.00
0.0,0.00
0.0,0.00
0.0,0.00
0.0,0.00
0.0,0.00
0.0,0.00
0.0,0.00
0.0,0.00
0.0,0.00
0.0,0.00
0.0,0.00
0.0,0.00
0.0,0.00
0.0,0.00
0.0,0.00
0.0,0.00
0.0,0.00
0.0,0.00
0.0,0.00
0.0,0.00
0.0,0.00
0.0,0.00
0.0,0.00
0.0,0.00
0.0,0.00
0.0,0.00
0.0,0.00
0.0,0.00
0.0,0.00
0.0,0.00
0.0,0.00
0.0,0.00
0.0,0.00
0.0,0.00
0.0,0.00
0.0,0.00
0.0,0.00
0.0,0.00
0.0,0.00
0.0,0.00
0.0,0.00
0.0,0.00
0.0,0.00
1.495600069078686,0.00
1.5274206800945809,0.00
1.5440153193291433,0.00
1.9808560022236856,0.00
10.444786703572452,0.00
100.17269598688951,0.00
100.17671068290956,0.00
100.22221006677765,0.00
101.14005473668448,0.00
101.3955504917178,0.00
101.47457980791374,0.00
101.65730476918048,0.00
102.35107697144892,0.00
102.4092792645448,0.00
102.47340107921406,0.00
102.5865745980912,0.00
102.61063300569981,0.00
103.52189059609984,0.00
103.77388096080436,0.00
104.31887488039922,0.00
104.72854153400482,0.00
104.78254608502137,0.00
104.8371721439973,0.00
104.88832766087341,0.00
105.28966912293428,0.00
105.38499022709878,0.00
105.74553544569923,0.00
105.81785578698826,0.00
105.9504984332927,0.00
106.19444407079682,0.00
106.39750429745712,0.00
106.5149831603952,0.00
106.84721976186803,0.00
107.98709631877928,0.00
108.29264649193308,0.00
108.42152022240506,0.00
108.54637996049708,0.00
108.647866616552,0.00
108.68485036837652,0.00
109.09842691159979,0.00
109.1086030244065,0.00
109.23830041385318,0.00
109.28838122719496,0.00
109.47089000960388,0.00
109.64586363265819,0.00
109.90929465948969,0.00
109.99013520195976,0.00
11.071240076741967,0.00
11.162859591652484,0.00
11.50691981923566,0.00
11.907808359090586,0.00
110.07527381309843,0.00
110.28829240748732,0.00
110.34442814603287,0.00
110.73674518502777,0.00
110.83183589697279,0.00
110.9453119308836,0.00
111.15890238661318,0.00
111.15896203005902,0.00
111.17047082730127,0.00
111.17401564134329,0.00
111.45662876608196,0.00
111.79991640277716,0.00
111.8096807640158,0.00
111.84814171430708,0.00
113.09322102171541,0.00
113.26348133564535,0.00
113.43714233719405,0.00
113.52109855355806,0.00
113.56790833818803,0.00
113.71837067902041,0.00
113.88630395468708,0.00
114.13681241299405,0.00
114.71245936939829,0.00
114.76610716441822,0.00
114.83463026996056,0.00
114.88819235892365,0.00
115.24752908044329,0.00
115.66562571370771,0.00
115.71905478959287,0.00
115.97544373454895,0.00
116.1179006965926,0.00
116.49341210340454,0.00
116.52900570372442,0.00
116.61923962747944,0.00
116.71393638661164,0.00
117.18815934665308,0.00
117.2192960601092,0.00
117.30647489748286,0.00
117.67929780276032,0.00
118.00909525218829,0.00
118.18046621080777,0.00
118.42147570780304,0.00
118.68671933172304,0.00
118.81035054834592,0.00
119.86412969095764,0.00
12.130898023978656,0.00
12.197139868676205,0.00
12.381707301322065,0.00
12.41961932924067,0.00
12.491779600043605,0.00
120.16183165280701,0.00
120.85434345314242,0.00
120.85787439211664,0.00
120.88673840391998,0.00
121.87137951353995,0.00
121.94551270299473,0.00
122.21851271166128,0.00
122.43860409351088,0.00
122.91077695386886,0.00
123.18223737407024,0.00
123.24540968122507,0.00
123.52667933913678,0.00
123.56422867659158,0.00
123.78638625246674,0.00
124.42640619073264,0.00
124.57138225254916,0.00
125.05244300814878,0.00
125.51472809394559,0.00
125.549073259962,0.00
125.62156701209656,0.00
125.79818397660402,0.00
125.80480335501429,0.00
125.8141341496028,0.00
126.02351693294293,0.00
126.3900145861902,0.00
126.73210830631372,0.00
127.4115049318322,0.00
127.64712132626607,0.00
127.68582958904564,0.00
127.74998911266306,0.00
127.84496210194028,0.00
127.92435281272213,0.00
128.17059088605887,0.00
128.71488923277474,0.00
128.79567455076185,0.00
129.32912777754927,0.00
129.72470488581712,0.00
129.8972227522647,0.00
129.99754709421663,0.00
13.424564257828,0.00
13.550111743623352,0.00
13.603123544758782,0.00
13.644396010749702,0.00
13.829483894488915,0.00
130.25144749936294,0.00
130.39824072989165,0.00
130.99697577764022,0.00
131.2829521680701,0.00
131.72626462818752,0.00
132.01809635856822,0.00
132.1907138947419,0.00
132.21425565457747,0.00
132.2641481825442,0.00
132.27362367246621,0.00
132.44552893594198,0.00
132.4844669418043,0.00
132.58094722371666,0.00
132.70211083911178,0.00
133.357926897394,0.00
133.46271023150112,0.00
133.77636533882534,0.00
133.94453775913178,0.00
134.27244239833107,0.00
134.9857889643029,0.00
135.15415328338128,0.00
135.2609500551592,0.00
135.26256689238278,0.00
135.37602139081906,0.00
135.54712438659814,0.00
135.87691833180085,0.00
135.98490231808978,0.00
136.26740639369876,0.00
136.28984069729913,0.00
136.31866316852864,0.00
136.83812411547692,0.00
137.15114446590562,0.00
137.61729638445422,0.00
138.11847612907778,0.00
138.34437746186046,0.00
139.53196271709683,0.00
14.341570350105016,0.00
14.932305322678006,0.00
140.08203327273156,0.00
140.15828658523225,0.00
140.3407661631531,0.00
140.7452312906253,0.00
140.8078295052453,0.00
141.06603786294062,0.00
141.14342797139915,0.00
141.19705116707658,0.00
141.58190387241459,0.00
141.98924344527825,0.00
141.99341456298632,0.00
142.1941866450844,0.00
142.22610464760368,0.00
142.4348957083704,0.00
142.6820173403886,0.00
142.75058749986937,0.00
143.16328915140753,0.00
143.2159605849306,0.00
143.40304224589326,0.00
144.3317371615184,0.00
144.35416718368882,0.00
144.49651204829505,0.00
144.6017362055446,0.00
144.83670312557643,0.00
145.05443637391463,0.00
145.22675332176743,0.00
145.67480979445781,0.00
145.92701456455532,0.00
146.019605693066,0.00
146.1065531354067,0.00
146.2256906299879,0.00
146.33072665819543,0.00
146.38656644306357,0.00
146.55533958868125,0.00
146.56124753912147,0.00
146.9588416659843,0.00
147.11686773677266,0.00
147.17547240010768,0.00
147.68523540417638,0.00
148.04931316729886,0.00
148.80112335189466,0.00
148.88747124125285,0.00
148.89309339606675,0.00
149.48129844226463,0.00
149.65661373409418,0.00
149.7338681093785,0.00
149.7482855522736,0.00
15.460213095112355,0.00
150.09707028311146,0.00
150.1610576757183,0.00
150.33978633613492,0.00
150.59836392244628,0.00
150.72702265559283,0.00
150.95644531966855,0.00
151.25523543360762,0.00
151.76149161117246,0.00
151.8649550116441,0.00
152.00081422850022,0.00
152.54799815862145,0.00
152.68321892889873,0.00
153.21110054234103,0.00
153.27767955619586,0.00
153.46198280157586,0.00
153.84758415146413,0.00
154.13862316518222,0.00
154.17116073706282,0.00
154.19474728621918,0.00
154.60444812450237,0.00
155.10877563583782,0.00
155.407799195808,0.00
155.56134692663488,0.00
155.57457289269718,0.00
155.601271923225,0.00
155.7326506165339,0.00
155.73401932788155,0.00
155.7598091791709,0.00
155.87017517214022,0.00
156.23177689397332,0.00
156.32497585522842,0.00
156.43232357743108,0.00
156.75056512060792,0.00
156.80004026687806,0.00
157.52317604146015,0.00
157.60785671487542,0.00
158.11821978355084,0.00
158.3795742429409,0.00
158.44766830555062,0.00
158.58087985220078,0.00
158.6505036820471,0.00
158.77537853151696,0.00
159.09834562159799,0.00
159.35497208465608,0.00
16.512997221315196,0.00
16.933339972743703,0.00
160.0219935663241,0.00
160.1070398742937,0.00
160.61941909759875,0.00
161.66945694479608,0.00
161.68772281745902,0.00
161.75869248058544,0.00
161.80198479639427,0.00
161.8930732802726,0.00
162.27290248109168,0.00
162.34977827169757,0.00
162.4000323499019,0.00
162.441094537572,0.00
162.8326463395845,0.00
162.84965905326175,0.00
162.96024558001517,0.00
162.99399249924102,0.00
163.15546923152937,0.00
163.56468565535272,0.00
163.7389774652454,0.00
163.93918677549632,0.00
164.17905842133163,0.00
164.23282311687512,0.00
164.57699288902805,0.00
164.83039410892147,0.00
165.12806699386852,0.00
165.29977184562867,0.00
165.3231492498772,0.00
165.36182421507482,0.00
165.62603336644978,0.00
165.66599546946324,0.00
165.95094618586734,0.00
166.0047417782882,0.00
166.20469899313872,0.00
166.2895307844864,0.00
166.46536399760518,0.00
166.69691897296622,0.00
166.9597063297947,0.00
167.2654637967536,0.00
167.2841202038538,0.00
167.52407744055202,0.00
167.7206611017235,0.00
167.84490047503104,0.00
167.95984542984425,0.00
168.16207854556572,0.00
168.33226495050937,0.00
168.78216412030088,0.00
168.94308089720792,0.00
169.0323535206036,0.00
169.12969548135843,0.00
169.6275062982296,0.00
169.693572717106,0.00
170.1799002407048,0.00
170.18288560531056,0.00
171.31720444938748,0.00
171.33992300830468,0.00
171.43010736020858,0.00
171.7466898010029,0.00
171.7578523528098,0.00
171.79307099203055,0.00
171.91970692914242,0.00
171.9269274804945,0.00
172.0276196175721,0.00
172.2375739429057,0.00
172.38460918238567,0.00
172.38942858112037,0.00
172.69551783255417,0.00
172.70616379987686,0.00
172.8404736874733,0.00
173.07087072416115,0.00
173.1812139196397,0.00
173.1857607415382,0.00
173.4039934063459,0.00
173.4088425272067,0.00
173.5059984153214,0.00
173.69904912508576,0.00
173.7827240830455,0.00
173.81332829618458,0.00
173.90759632008977,0.00
173.90976131959934,0.00
174.2115933515488,0.00
174.32612641469598,0.00
174.3580574808673,0.00
174.94465547965027,0.00
175.03483047446358,0.00
175.21372450091565,0.00
175.3333196143058,0.00
176.3407160711442,0.00
176.3518250974083,0.00
176.73763601685485,0.00
176.91030491867417,0.00
177.1508171417537,0.00
177.16334593756736,0.00
177.1978634221218,0.00
177.21209128103038,0.00
177.50087987950909,0.00
177.5697959716399,0.00
177.94642861184195,0.00
178.16302308698795,0.00
178.2068923959121,0.00
178.54316631189744,0.00
178.58229943215287,0.00
178.60974719654973,0.00
178.67370349507482,0.00
178.78416940300946,0.00
178.84928981680042,0.00
178.90282282940885,0.00
178.99103336516717,0.00
179.52854636675738,0.00
18.268943888705802,0.00
18.67281024097421,0.00
18.891274234702397,0.00
180.05801525987812,0.00
180.3758361507961,0.00
180.40243945194683,0.00
180.40995291368046,0.00
180.53737921677885,0.00
180.67148903762828,0.00
180.81643955090198,0.00
181.08669229415509,0.00
181.22741333373008,0.00
181.38713317105544,0.00
181.39462612339725,0.00
181.44822644739784,0.00
181.47753636375285,0.00
181.79720876308545,0.00
181.91543874483318,0.00
181.97100382495967,0.00
182.095447887802,0.00
182.1438856169788,0.00
182.20609084176826,0.00
182.27094096932962,0.00
182.38008608118497,0.00
182.41395164508413,0.00
182.4148411204939,0.00
182.4417549474973,0.00
182.52521875255027,0.00
182.56797064025173,0.00
183.07491808125422,0.00
183.17116900710067,0.00
183.17169981766807,0.00
183.2615889365374,0.00
183.4093627483686,0.00
183.50994160336566,0.00
183.64200516683783,0.00
183.8643148947147,0.00
184.2296619095491,0.00
184.293511683402,0.00
184.3016682321592,0.00
184.56922519792218,0.00
184.79403010350043,0.00
185.10107476674648,0.00
185.23705463541904,0.00
185.45671447541022,0.00
185.46765791656028,0.00
185.61698801996056,0.00
186.03251847655739,0.00
186.17710470617484,0.00
186.4182504594106,0.00
186.91345089215235,0.00
186.94852201920816,0.00
187.1849320369885,0.00
187.2562495578168,0.00
187.40397861049823,0.00
187.7180301699307,0.00
187.9045716764492,0.00
188.18764461744067,0.00
188.2932067135796,0.00
188.54223296842704,0.00
188.6486384395924,0.00
188.7620048985108,0.00
188.8512216502812,0.00
189.1762981234766,0.00
189.2492025147988,0.00
189.2913843344319,0.00
189.34995358859447,0.00
189.57347831567736,0.00
189.77710775241115,0.00
190.27492262916417,0.00
190.60889690120808,0.00
190.89949138092118,0.00
190.9337878780658,0.00
190.99957815314698,0.00
191.35008253533056,0.00
191.46824091192036,0.00
191.53769499931875,0.00
191.70287784501616,0.00
191.73997134857484,0.00
191.7860346944716,0.00
191.86427512951494,0.00
191.86633511615426,0.00
192.11274421403462,0.00
192.1202242470808,0.00
192.17880660007734,0.00
192.28179973672658,0.00
192.8334485283008,0.00
193.03606602255314,0.00
193.11504790605045,0.00
193.44416987028046,0.00
193.58190520182282,0.00
193.9923593582209,0.00
194.0396075740041,0.00
194.45280555000062,0.00
194.50562046092753,0.00
194.5878527160992,0.00
194.59415015441525,0.00
194.67600404832973,0.00
194.722083451056,0.00
194.75452967359882,0.00
194.9184121142243,0.00
195.00542865108025,0.00
195.04209456769607,0.00
195.16385720186813,0.00
195.20200873589505,0.00
195.65526736984702,0.00
195.6742696712399,0.00
195.77607833964908,0.00
196.2190017471548,0.00
196.942805728974,0.00
197.12381847319165,0.00
197.15150095749487,0.00
197.37837794406326,0.00
197.5318331022028,0.00
197.68499331975403,0.00
198.02118037462986,0.00
198.20596687189902,0.00
198.2100579569877,0.00
198.30405609083817,0.00
198.50809025748745,0.00
198.65192836220456,0.00
198.85531281524223,0.00
198.88031888762944,0.00
198.97453182321897,0.00
199.1151657260341,0.00
199.34299311547542,0.00
199.4380004993202,0.00
199.4666863952794,0.00
199.480203675283,0.00
199.5319289705872,0.00
199.57158934952338,0.00
199.90305731430425,0.00
199.9157528807616,0.00
2.1765667583710133,0.00
20.27687411596115,0.00
200.1903171237259,0.00
200.37383616370903,0.00
201.1207671255598,0.00
201.15159775413326,0.00
201.2632837899575,0.00
201.53180059287467,0.00
201.84822119947566,0.00
201.90542486240346,0.00
202.16353928880523,0.00
202.24585175040002,0.00
202.3868092718608,0.00
202.40667142602317,0.00
202.8698324479663,0.00
203.0976310391872,0.00
203.12457865378082,0.00
203.21774593856998,0.00
203.43031024702915,0.00
203.4465611201363,0.00
203.5003162502504,0.00
203.69534599979167,0.00
203.743807863228,0.00
203.8864569069576,0.00
203.91432516033703,0.00
203.995753816486,0.00
204.21895653420498,0.00
204.32309905716056,0.00
204.6050252919569,0.00
204.68022982207358,0.00
204.74678713721025,0.00
204.75070474892325,0.00
205.23141441451355,0.00
205.3209217896881,0.00
205.42373818857325,0.00
205.61442772107213,0.00
205.9446677917101,0.00
205.9860023869908,0.00
206.13037254142142,0.00
206.28364332125568,0.00
206.512062296668,0.00
206.6082030932536,0.00
206.68597545851426,0.00
206.7700938581152,0.00
206.9894671707035,0.00
207.047654339048,0.00
207.0503482560757,0.00
207.12324439473298,0.00
207.29214156379055,0.00
207.5848780902059,0.00
207.69642076448287,0.00
207.86748604394162,0.00
207.98232674674992,0.00
208.03235923610612,0.00
208.0639011191508,0.00
208.10292699180744,0.00
208.22149772692768,0.00
208.4667216605061,0.00
208.6514556350708,0.00
208.75144737371758,0.00
208.7544402095137,0.00
209.24749199553082,0.00
209.3209130737109,0.00
209.38644117351208,0.00
209.3951911799501,0.00
209.4561505700483,0.00
209.82437953104446,0.00
209.964651758116,0.00
209.9840758473541,0.00
21.510605156716966,0.00
210.379435196706,0.00
210.7765206840561,0.00
211.06545618478646,0.00
211.171448719969,0.00
211.2185109384293,0.00
211.39515800131042,0.00
211.56951758793883,0.00
211.71856538227482,0.00
211.8583112196003,0.00
211.88780361947872,0.00
211.9056972289996,0.00
211.92944356244618,0.00
211.98101923076598,0.00
212.0297368902616,0.00
212.2105980629585,0.00
212.50139948904942,0.00
212.599794561712,0.00
212.60893226372508,0.00
212.9137417029528,0.00
212.9563298239549,0.00
212.99780144484538,0.00
213.0000111314032,0.00
213.15283313031622,0.00
213.85554522848338,0.00
214.18261591005157,0.00
214.18935191392004,0.00
214.1979472225277,0.00
214.2675722568671,0.00
214.3263637505172,0.00
214.37879122949482,0.00
214.4625923305345,0.00
214.541374104512,0.00
214.67556281087147,0.00
214.6850576479016,0.00
215.66828093656292,0.00
215.67109914970425,0.00
215.83323534108035,0.00
216.02692300278855,0.00
216.05545535920868,0.00
216.25739427792442,0.00
216.7148542100236,0.00
216.7224304320472,0.00
216.84865849656703,0.00
217.03490454226485,0.00
217.15158242953493,0.00
217.20028989841447,0.00
217.2274033347655,0.00
217.2940853027214,0.00
217.31464321580557,0.00
217.38546907888283,0.00
217.52698794870145,0.00
217.7663987567333,0.00
217.8738498570156,0.00
218.1752733238309,0.00
218.1857625149196,0.00
218.20913482198662,0.00
218.23042112547245,0.00
218.27546236973427,0.00
218.2951546679189,0.00
218.35110338943286,0.00
219.00144753657776,0.00
219.0227894154598,0.00
219.1488000048579,0.00
219.37377437106602,0.00
219.39281773314698,0.00
219.49159672884892,0.00
219.55343034756626,0.00
219.82328596112697,0.00
219.86666683422345,0.00
22.16506065640164,0.00
220.2776010088172,0.00
220.3711324452369,0.00
220.41817434107224,0.00
220.45250880026836,0.00
220.53450138726174,0.00
220.7230597958949,0.00
220.84201096250342,0.00
220.9645391599597,0.00
221.03847579429836,0.00
221.1021330681029,0.00
221.1452525178551,0.00
221.16688435401667,0.00
221.34940885444766,0.00
221.3998303321521,0.00
221.67495883666496,0.00
221.77897821937242,0.00
222.07137266632455,0.00
222.2767192583257,0.00
222.5338973665941,0.00
222.60253553071342,0.00
222.6099301903128,0.00
222.67169920842224,0.00
222.8141094913355,0.00
222.84470881208907,0.00
222.91235499747185,0.00
222.99457336420258,0.00
223.14932187223664,0.00
223.31373413993526,0.00
223.45525858429696,0.00
223.53751754891326,0.00
223.98666333208755,0.00
224.0808406932913,0.00
224.0923105757932,0.00
224.22866415725255,0.00
224.2625904592361,0.00
224.29210659200783,0.00
224.33371135994454,0.00
224.3622169270208,0.00
224.42743338715943,0.00
224.44661458477853,0.00
224.5589845151801,0.00
224.56695843700115,0.00
224.77007758696888,0.00
224.97292150886815,0.00
225.07514454306343,0.00
225.17116294116715,0.00
225.30276608457885,0.00
225.43712429926643,0.00
225.47328637053025,0.00
225.4769679219796,0.00
225.49388271126733,0.00
225.6646490800522,0.00
225.7769368909221,0.00
225.8686029723121,0.00
225.93088097613816,0.00
226.0978148111864,0.00
226.1553659656311,0.00
226.2091594800668,0.00
226.2511111463228,0.00
226.31748297140987,0.00
226.33223521707814,0.00
226.51780182335952,0.00
226.60016608711362,0.00
226.72604836275931,0.00
226.7828261676543,0.00
226.93284230348397,0.00
226.97052466521163,0.00
227.21298205258407,0.00
227.2991257800024,0.00
227.51043611071202,0.00
227.61258341857047,0.00
227.63480186981758,0.00
227.71121691025883,0.00
227.77371003745134,0.00
228.29683747362373,0.00
228.30888041226086,0.00
228.43543238981377,0.00
228.4479251075967,0.00
228.4941098927057,0.00
228.5490587745468,0.00
228.6226108466655,0.00
228.87350545037964,0.00
229.46977899933879,0.00
229.48125901692842,0.00
229.49160168910862,0.00
229.5964270651154,0.00
229.63994014055862,0.00
229.70933710029172,0.00
229.9125809585099,0.00
23.06616937698489,0.00
23.88825095440345,0.00
230.4415047992427,0.00
230.54920837657718,0.00
230.6491569654047,0.00
230.7992519508329,0.00
230.89955646688355,0.00
230.95720425177785,0.00
231.1092998561932,0.00
231.13716858142018,0.00
231.44966606100948,0.00
231.4801391839196,0.00
231.6454077635886,0.00
231.7205914225095,0.00
231.72503178568704,0.00
232.10976803855368,0.00
232.2245247090009,0.00
232.31129752085576,0.00
232.3350846969717,0.00
232.50257600540152,0.00
232.94929448748002,0.00
233.29053940827683,0.00
233.3974208217012,0.00
233.60333310810398,0.00
233.6229875808775,0.00
233.84530945094673,0.00
234.0652662858651,0.00
234.2700243969279,0.00
234.38852067705693,0.00
234.44316169847323,0.00
234.52777000881142,0.00
234.68496046844746,0.00
235.1196979666274,0.00
235.1312819744767,0.00
235.31466113173371,0.00
235.3671517878844,0.00
235.43430653506047,0.00
235.7567181789641,0.00
235.99360947393131,0.00
236.0363816196092,0.00
236.2152302307153,0.00
236.30336754134478,0.00
236.44970594649647,0.00
236.4545866337806,0.00
236.53973895951583,0.00
236.65254301076828,0.00
236.7673609421244,0.00
236.895239983482,0.00
237.2495192711808,0.00
237.6161570486978,0.00
238.19035034994687,0.00
238.3504586179657,0.00
238.38896594566143,0.00
238.4070493311174,0.00
238.5322182564793,0.00
239.7319929231753,0.00
239.76619608819118,0.00
239.886771234487,0.00
239.88966393948883,0.00
240.08058175400936,0.00
240.08581618350811,0.00
240.17605471343032,0.00
240.18919019542304,0.00
240.2151244834327,0.00
240.2402033372869,0.00
240.33852958355843,0.00
240.35433606508926,0.00
240.6423028168573,0.00
240.8518032248193,0.00
241.0467752426801,0.00
241.0923726222682,0.00
241.28637641822868,0.00
241.30756473830616,0.00
241.43942410177655,0.00
241.47687493110996,0.00
241.4952573256673,0.00
241.53513042181686,0.00
241.63861745153443,0.00
241.72188610623746,0.00
241.90886765458282,0.00
241.92552261948543,0.00
241.97634525899326,0.00
242.1209798549857,0.00
242.28648266373054,0.00
242.38276454692559,0.00
242.39272380633548,0.00
242.3928134254673,0.00
242.5190220743697,0.00
242.64693975360782,0.00
242.6758528285544,0.00
242.79246059275397,0.00
242.8959896007377,0.00
243.1515756699109,0.00
243.2273655899857,0.00
243.30226630292603,0.00
243.34799932696487,0.00
243.50763672106513,0.00
243.8762835348156,0.00
243.94273078711262,0.00
243.9537129014349,0.00
244.0222667707837,0.00
244.1271857952156,0.00
244.16402468330392,0.00
244.33161812730657,0.00
244.7132337159805,0.00
244.7249222770529,0.00
244.80432329670856,0.00
244.8518726255543,0.00
244.98101771690517,0.00
245.03612860251565,0.00
245.1946973132592,0.00
245.20884041288528,0.00
245.24309983613296,0.00
245.45601771741318,0.00
245.4652717290819,0.00
245.476935102311,0.00
245.51761358340244,0.00
245.53110388963367,0.00
245.5674241362967,0.00
245.65101921695583,0.00
245.70873056563832,0.00
246.6059881553074,0.00
246.675229640747,0.00
246.69937090158243,0.00
246.75251529862453,0.00
246.88922829676613,0.00
246.9870150283673,0.00
247.11642306509967,0.00
247.2478085365944,0.00
247.39765511977862,0.00
247.44924963086643,0.00
247.48315772144332,0.00
247.55708508960305,0.00
247.64628681714348,0.00
247.72005595499286,0.00
248.04472388153252,0.00
248.06342976897946,0.00
248.19211076375325,0.00
248.20954406961067,0.00
248.22925846692056,0.00
248.29257605185097,0.00
248.7479420182425,0.00
249.00140467346543,0.00
249.20918365048882,0.00
249.21859138065403,0.00
249.3784113366433,0.00
249.71167982230483,0.00
249.8979451573191,0.00
249.98572954315048,0.00
25.370428209849248,0.00
25.50999649146516,0.00
250.26091126707848,0.00
250.26656427804957,0.00
250.3400238268481,0.00
250.69321676902808,0.00
250.70508261668263,0.00
250.75273595420097,0.00
250.83691373453098,0.00
250.9074538949289,0.00
250.99704102584084,0.00
251.29526757178715,0.00
251.29674233920846,0.00
251.5055162967733,0.00
252.09103493157798,0.00
252.2019070394053,0.00
252.25051521394641,0.00
253.08532147955154,0.00
253.14327367289684,0.00
253.1789325951226,0.00
253.2923438171861,0.00
253.349740862232,0.00
253.36482046543028,0.00
253.6033361094397,0.00
253.7013389630967,0.00
253.71257228329915,0.00
253.90979499269702,0.00
254.0886936800132,0.00
254.11901534942498,0.00
254.16218864696413,0.00
254.2606980675974,0.00
254.30657302730202,0.00
254.39442623295804,0.00
254.61138953571705,0.00
254.90458077729915,0.00
255.31325717377246,0.00
255.48885120193526,0.00
255.59252090343685,0.00
255.77458574559842,0.00
255.8344580656117,0.00
255.83714238536479,0.00
255.8540681410581,0.00
255.95884157211498,0.00
255.96948966079543,0.00
256.0418883372785,0.00
256.1773228894316,0.00
256.25334332061357,0.00
256.29934604501597,0.00
256.4578462804688,0.00
256.4933419020211,0.00
256.52180872259123,0.00
256.76705759306486,0.00
256.76951439465927,0.00
256.95908998665334,0.00
257.02236422480786,0.00
257.05473095034085,0.00
257.06052274905244,0.00
257.27668854837873,0.00
257.35335930658454,0.00
257.4330466333555,0.00
257.4372047248856,0.00
257.45391328029785,0.00
257.5413240281591,0.00
257.95258135970647,0.00
258.00386212309263,0.00
258.19223868542196,0.00
258.38653775170457,0.00
258.55036299269904,0.00
258.6563151121833,0.00
258.6596850533174,0.00
258.7467560861829,0.00
258.8617963537741,0.00
259.30075743642084,0.00
259.50566491366106,0.00
259.5386447247932,0.00
259.68019454928293,0.00
259.89733036013354,0.00
259.9147262384322,0.00
26.00260305473281,0.00
26.050711090657835,0.00
26.05543185768241,0.00
26.67517974246743,0.00
26.949959369245285,0.00
260.59603495741845,0.00
260.672026789588,0.00
260.6736967051129,0.00
260.70016532965445,0.00
260.78871414099524,0.00
260.8021202488935,0.00
260.9280424118843,0.00
261.3526780317427,0.00
261.387862625484,0.00
261.5287920641601,0.00
261.57350623483114,0.00
261.6695542729057,0.00
261.7813353183085,0.00
261.848881175835,0.00
261.8684072167232,0.00
261.9184010025872,0.00
262.04316667723,0.00
262.161410480124,0.00
262.1643871653174,0.00
262.5423742060414,0.00
262.58201904164054,0.00
262.7874538027305,0.00
262.81975091892946,0.00
262.8765458230724,0.00
262.9613836188644,0.00
263.08667422469097,0.00
263.0905100558485,0.00
263.1046439423155,0.00
263.1207105209246,0.00
263.2033990360485,0.00
263.2667804325912,0.00
263.34114892639496,0.00
263.36140957536566,0.00
263.36684885529013,0.00
263.6731717146523,0.00
263.69344813039197,0.00
263.7572702864788,0.00
263.8455891653986,0.00
263.8916794487949,0.00
263.9461865797301,0.00
263.985044550334,0.00
264.0357750809956,0.00
264.318723509083,0.00
264.49249730951925,0.00
264.5203877809648,0.00
264.5944476229852,0.00
264.6589117418798,0.00
264.70081878853904,0.00
264.7401235665469,0.00
265.73931759102106,0.00
265.7627411912003,0.00
265.980638329846,0.00
266.0526436891077,0.00
266.07086380525203,0.00
266.41756665155134,0.00
266.46407421629783,0.00
266.4753270211291,0.00
266.5297080970465,0.00
266.943225720298,0.00
267.0072618087813,0.00
267.08696282058946,0.00
267.1629676573702,0.00
267.16910038114156,0.00
267.19129663193087,0.00
267.64338059897807,0.00
267.64601560229994,0.00
267.86994574847057,0.00
268.05921879543774,0.00
268.0934916444949,0.00
268.2576116113964,0.00
268.700751794247,0.00
268.70757954256914,0.00
268.7216628276861,0.00
268.81683816356673,0.00
268.9300604014938,0.00
268.9940316071792,0.00
269.5664226190974,0.00
269.7458452740969,0.00
27.54576210877861,0.00
27.895302138184338,0.00
270.09784275512555,0.00
270.18374528302786,0.00
270.32260500473257,0.00
270.4103631929924,0.00
270.4503037538276,0.00
270.6295922151361,0.00
270.76283737071583,0.00
270.87190967740474,0.00
270.9378263175044,0.00
271.0017724414138,0.00
271.09761159842157,0.00
271.28574074173326,0.00
271.3287072911916,0.00
271.41574922076217,0.00
271.44259675591155,0.00
271.60874319557996,0.00
271.6654685329256,0.00
272.0613533584294,0.00
272.2226009624962,0.00
272.46475479464107,0.00
272.55553409884726,0.00
272.8024248070165,0.00
272.85605918744733,0.00
272.93018437830966,0.00
273.0162115481197,0.00
273.12403757924517,0.00
273.21365247544827,0.00
273.2504079415931,0.00
273.367768256208,0.00
273.4278275275156,0.00
273.50497978898534,0.00
273.7478309157264,0.00
273.8215721673825,0.00
273.84651733095404,0.00
274.0940443379757,0.00
274.13648995684645,0.00
274.35289426231867,0.00
274.3861416254068,0.00
274.4600026057813,0.00
274.63404740224485,0.00
274.7039842998412,0.00
274.71512426852456,0.00
274.7856101461701,0.00
274.87440753503347,0.00
274.9103842273467,0.00
275.0656378186991,0.00
275.09486611885376,0.00
275.11268467798044,0.00
275.20770836990073,0.00
275.28928497938256,0.00
275.3428781510559,0.00
275.54438734336156,0.00
275.7581888027908,0.00
275.7585042008617,0.00
275.85527878013903,0.00
275.92480382052423,0.00
276.27856597254504,0.00
276.52628967912705,0.00
276.6154860232749,0.00
276.6597425999059,0.00
276.78216900737243,0.00
277.0281174777552,0.00
277.4902153936355,0.00
277.5085708288531,0.00
277.58637119903904,0.00
277.8252083122047,0.00
277.82895580688734,0.00
277.96694929218916,0.00
277.9746230650948,0.00
278.1100727500127,0.00
278.1662399526146,0.00
278.4298939953493,0.00
278.44380077932755,0.00
278.628802182166,0.00
278.7762833744997,0.00
278.8079438362099,0.00
278.86726533201085,0.00
278.94498412935184,0.00
278.9786955703489,0.00
279.0409229058311,0.00
279.1019344974687,0.00
279.1526480911748,0.00
279.1740696877352,0.00
279.1851085005639,0.00
279.589766504912,0.00
279.60413770590225,0.00
279.6062211031329,0.00
279.77224768284697,0.00
279.8221645462631,0.00
279.90216834717893,0.00
279.9040553026152,0.00
279.9889801271515,0.00
28.05851773183484,0.00
28.14382948152371,0.00
28.514802015703932,0.00
28.60674457793461,0.00
28.892664422586414,0.00
280.14003762567427,0.00
280.4302793056176,0.00
280.49349364987074,0.00
280.49635259295496,0.00
280.6395285355898,0.00
280.7442282509097,0.00
280.8370976495588,0.00
280.8504150883431,0.00
281.108613563033,0.00
281.42889092462354,0.00
281.52457639409636,0.00
281.52729563420775,0.00
281.6660334094646,0.00
281.66837704878327,0.00
281.7094538766509,0.00
282.0297147215001,0.00
282.08107168364904,0.00
282.1174308652097,0.00
282.21841525188637,0.00
282.30381571826234,0.00
282.32510842807005,0.00
282.3537854422276,0.00
282.38548029247977,0.00
282.5710096848497,0.00
282.7502835800003,0.00
282.8102240650827,0.00
283.38293311410666,0.00
283.3876164146908,0.00
283.39314073484974,0.00
283.49139448104165,0.00
283.5648874738588,0.00
283.63275697121946,0.00
283.63848053401574,0.00
283.66141450335516,0.00
283.86807360680234,0.00
283.94401972152804,0.00
283.9863178650084,0.00
284.01330900965075,0.00
284.11129349004625,0.00
284.16331607279545,0.00
284.23060774236626,0.00
284.6276440138061,0.00
284.6586610491764,0.00
284.7594787127707,0.00
284.84590660557495,0.00
284.84734442314283,0.00
285.0099266778257,0.00
285.0265014839008,0.00
285.1352454754704,0.00
285.1462645266132,0.00
285.18702846534205,0.00
285.4965006610828,0.00
285.4995624430478,0.00
285.6554489147493,0.00
286.07077997117625,0.00
286.1176314607948,0.00
286.1528237798656,0.00
286.19726113398286,0.00
286.292987854799,0.00
286.32440616073615,0.00
286.43243427541887,0.00
286.62078474022667,0.00
287.09806629165524,0.00
287.10268624123137,0.00
287.1112635312945,0.00
287.15061286087837,0.00
287.18799465010176,0.00
287.2264434852079,0.00
287.44354404736765,0.00
287.51038482217115,0.00
287.56097957448503,0.00
287.7375271607172,0.00
288.00638635740535,0.00
288.1945387380533,0.00
288.2171587346685,0.00
288.4170045069108,0.00
288.7070029095016,0.00
288.9425631915932,0.00
289.2975416142057,0.00
289.350047193498,0.00
289.6258358280346,0.00
289.66857396711583,0.00
29.32675499875649,0.00
290.0477163440442,0.00
290.25831332310054,0.00
290.37525767417185,0.00
290.4972977363104,0.00
290.8463167002309,0.00
290.90944288514567,0.00
291.00716134212604,0.00
291.02985277771086,0.00
291.06192163934503,0.00
291.09549124002035,0.00
291.54263499029236,0.00
291.66387671428436,0.00
291.7769151654029,0.00
291.97414312511813,0.00
292.1319162935289,0.00
292.3312720874398,0.00
292.4500224628278,0.00
292.5685524008764,0.00
292.6855050054566,0.00
292.69348747045484,0.00
292.8332073117494,0.00
293.07398814442917,0.00
293.10961076057106,0.00
293.2593199932278,0.00
293.349782869381,0.00
293.39695508111623,0.00
293.4481943601968,0.00
293.6280959015402,0.00
293.7354664169224,0.00
293.7933019328676,0.00
293.88835145558426,0.00
293.8978889719681,0.00
293.94177447780737,0.00
294.10189220498495,0.00
294.1040450948734,0.00
294.12840173035204,0.00
294.5936272815202,0.00
294.8437914334785,0.00
294.85640920869065,0.00
295.0057555840968,0.00
295.2977309103845,0.00
295.30510457742014,0.00
295.7119614348933,0.00
295.7284662708816,0.00
295.7974669494263,0.00
295.80279220842283,0.00
295.9638290004189,0.00
296.0127977477664,0.00
296.43478447316267,0.00
296.48632667260927,0.00
296.66432240234053,0.00
296.7864494690026,0.00
297.25220360663377,0.00
297.3287800247068,0.00
297.34003533579954,0.00
297.4431541069161,0.00
297.83975298819803,0.00
298.42126155124816,0.00
298.58403490647686,0.00
298.6260792467696,0.00
298.7781635076896,0.00
298.86243269360875,0.00
298.98992269020835,0.00
298.9998150759365,0.00
299.24079241635764,0.00
299.3705669255505,0.00
299.4305560091896,0.00
299.5018620079232,0.00
299.52482976218977,0.00
299.54619865179285,0.00
299.7596131256152,0.00
299.8450496024178,0.00
299.90762706959634,0.00
3.101390390607578,0.00
3.12542918852064,0.00
300.0471198433065,0.00
300.10384728423526,0.00
300.1313847744061,0.00
300.24455016111784,0.00
300.3141123582108,0.00
300.38970584767355,0.00
300.67247596817407,0.00
300.688286124067,0.00
300.7413052915465,0.00
300.9769870203077,0.00
301.1872748030821,0.00
301.2187081523513,0.00
301.2565476481345,0.00
301.3361829486732,0.00
301.5158565354412,0.00
301.6110847039824,0.00
301.7585216188934,0.00
301.92901856608086,0.00
302.1051014764692,0.00
302.1301316827291,0.00
302.2471459476798,0.00
302.31032909758187,0.00
302.34083551140634,0.00
302.9140562133308,0.00
303.1469398304853,0.00
303.42880181313944,0.00
303.4560578266148,0.00
303.67334865272244,0.00
303.85906913824886,0.00
303.9347055209127,0.00
304.2286143882942,0.00
305.0060059970937,0.00
305.29545655631443,0.00
305.558106306722,0.00
305.81590404573797,0.00
305.8279927490121,0.00
306.3927779026627,0.00
306.43071753574316,0.00
306.46795024368106,0.00
306.50822620728695,0.00
306.572181452339,0.00
306.8788039238804,0.00
307.15781812194217,0.00
307.3840178001966,0.00
307.79937499366906,0.00
308.1059871493713,0.00
308.57350796112604,0.00
308.67937808031934,0.00
308.8470536317868,0.00
308.9849411660648,0.00
309.0683145277259,0.00
309.090733163394,0.00
309.3380158613866,0.00
309.3732953934931,0.00
309.48153223408195,0.00
309.64812871937306,0.00
309.65548424563974,0.00
31.259664640023473,0.00
31.46844033653125,0.00
31.5503034679543,0.00
310.32330389721244,0.00
310.3852378267189,0.00
310.44972370907925,0.00
310.5698688226512,0.00
310.5740156463363,0.00
310.8254814042345,0.00
310.9417367731594,0.00
311.0154511497557,0.00
311.1581918587186,0.00
311.29828275009584,0.00
311.4352973237628,0.00
311.52279562387906,0.00
311.52714487312227,0.00
312.04784236170934,0.00
312.05583347643164,0.00
312.0699910121557,0.00
312.3184744749524,0.00
312.3201635509272,0.00
312.5286002208012,0.00
312.97837510093,0.00
313.12888084720583,0.00
313.3289633117642,0.00
313.4097694903933,0.00
313.63485831957246,0.00
314.4144940872438,0.00
314.78739026507577,0.00
314.8331859775232,0.00
314.9031312803817,0.00
314.9850324579407,0.00
315.0429246577097,0.00
315.2046590647128,0.00
315.41054693219286,0.00
315.46858587402215,0.00
315.67170103343057,0.00
315.76461268018414,0.00
315.80304486327987,0.00
316.06249268732813,0.00
316.12191347221943,0.00
316.5078124328632,0.00
317.2052645422783,0.00
317.26752885532306,0.00
317.4358765088685,0.00
317.74204488443286,0.00
317.86429526016656,0.00
317.93291717058867,0.00
318.02138249748845,0.00
318.16286718944315,0.00
318.18539922949395,0.00
318.2549577072784,0.00
318.8874030745907,0.00
319.0455402675319,0.00
319.1043064340825,0.00
319.2964876901218,0.00
319.30335949311785,0.00
319.3226607842302,0.00
319.60300652910234,0.00
319.78525667382235,0.00
319.8084902018813,0.00
320.0859882820652,0.00
320.31782561978133,0.00
321.43788777674166,0.00
321.6082854546874,0.00
321.7955974093347,0.00
321.8627242437116,0.00
322.052976827228,0.00
322.7184637481756,0.00
323.0624858580735,0.00
323.23972650729013,0.00
323.2727835464055,0.00
324.1243746888435,0.00
324.1495355923133,0.00
324.24723824656013,0.00
324.36143043096087,0.00
324.4077513804704,0.00
324.5092806721748,0.00
324.5096191846368,0.00
324.81187015860286,0.00
325.80532348250136,0.00
325.9756247696285,0.00
326.1607239855368,0.00
326.5041360619652,0.00
326.8717711190206,0.00
327.02564905658267,0.00
327.03342841038904,0.00
327.3186878775751,0.00
327.3492960007628,0.00
327.45536926827486,0.00
327.5817679430886,0.00
328.08552569223616,0.00
328.1981312862544,0.00
328.2403640637945,0.00
328.28363300595856,0.00
328.35719942748995,0.00
328.47197432987736,0.00
328.50518208090824,0.00
328.551821700432,0.00
328.62446786592506,0.00
328.68678940804244,0.00
329.1070640943242,0.00
329.287943648935,0.00
329.4990913684008,0.00
329.50215306110283,0.00
329.51047721905917,0.00
329.5630378361507,0.00
329.57426062534387,0.00
329.7351429190676,0.00
329.84513690637664,0.00
33.8765961706498,0.00
330.1231981081065,0.00
330.2409101496715,0.00
330.38576653682065,0.00
330.66923725510014,0.00
330.6922225643865,0.00
330.7997599375792,0.00
330.811274474783,0.00
330.8334708205229,0.00
331.2206755465578,0.00
331.48672120317326,0.00
332.1725662033478,0.00
332.3347287834945,0.00
332.48308263068344,0.00
332.50754505096137,0.00
332.5981370763812,0.00
332.67107641822264,0.00
333.088812602294,0.00
333.11633833927795,0.00
333.46758419612996,0.00
333.49553201426534,0.00
333.6796717244147,0.00
333.7477531726852,0.00
333.7733891676566,0.00
333.80575102056895,0.00
334.30179994750296,0.00
334.5140903509011,0.00
334.56156087116693,0.00
334.6234954214281,0.00
334.8122019067296,0.00
334.86813585276275,0.00
334.8701484612868,0.00
335.0931719864369,0.00
335.2235028813041,0.00
335.3175301417309,0.00
335.3665095374506,0.00
335.5526898814677,0.00
335.78134911595424,0.00
335.9863284739988,0.00
336.0046436862629,0.00
336.0859129391455,0.00
336.18341906290044,0.00
336.3203481657286,0.00
336.7870883908308,0.00
337.18127358938864,0.00
337.4470407576872,0.00
337.5398442464671,0.00
338.1905575260599,0.00
338.63432355155817,0.00
339.06147483727534,0.00
339.49866314219406,0.00
339.62787571864686,0.00
339.78324554038613,0.00
34.078696041169856,0.00
34.191534855765035,0.00
34.98779096793102,0.00
340.56329459255636,0.00
340.8646225074021,0.00
340.9177055385682,0.00
341.0404966550269,0.00
341.1053628794731,0.00
341.24331920481035,0.00
341.3854536857468,0.00
341.40933116624933,0.00
341.41023341707364,0.00
341.79817101449197,0.00
341.85232834905725,0.00
341.89096719157817,0.00
342.197900595458,0.00
342.27569337662436,0.00
342.33029293654096,0.00
342.6193720471697,0.00
343.5297731821387,0.00
344.0112820292498,0.00
344.0552970387843,0.00
344.0625251325523,0.00
344.28546096085853,0.00
344.4876997069748,0.00
344.5151635532303,0.00
344.72814727670163,0.00
344.7497379934693,0.00
344.7504405903005,0.00
344.79743605629824,0.00
344.84341654717065,0.00
344.8643076616845,0.00
344.9229468292848,0.00
345.0382128626603,0.00
345.0901503989564,0.00
345.3524094368518,0.00
345.41096726175545,0.00
345.5529545572377,0.00
345.6829482645411,0.00
345.8557915697224,0.00
345.9120159336907,0.00
345.9960935110421,0.00
346.0380460114631,0.00
346.09313090205444,0.00
346.1564160656684,0.00
347.10320450686896,0.00
347.33142417703164,0.00
348.83309819533355,0.00
349.80472960142447,0.00
349.9329420845373,0.00
35.184596679466765,0.00
35.287609118802536,0.00
35.77216397776882,0.00
35.78782822773674,0.00
350.53828590749,0.00
351.05656508978814,0.00
351.37690249610205,0.00
351.5474777842912,0.00
351.5548790844232,0.00
351.6146580936771,0.00
351.7526952612153,0.00
351.7803414541772,0.00
351.8641528668435,0.00
352.0030872154959,0.00
352.0672654341848,0.00
352.35730148168466,0.00
352.9645862635473,0.00
352.96852071373155,0.00
353.47924172848434,0.00
353.6927698932798,0.00
353.89028306096463,0.00
353.90756727004873,0.00
354.25730417072344,0.00
354.45484947322274,0.00
354.4703934427202,0.00
354.5703504910145,0.00
354.6448606732847,0.00
354.76996775065993,0.00
354.8295803984629,0.00
355.2432384799308,0.00
355.2962839957443,0.00
355.44551913039953,0.00
355.5026393864584,0.00
355.73585757462183,0.00
355.88588209397795,0.00
355.9928004314864,0.00
356.19905763187444,0.00
356.25317195847623,0.00
356.6573319233821,0.00
356.9136730258295,0.00
357.0006632987433,0.00
357.0118338266066,0.00
357.0408856616248,0.00
357.3579579919313,0.00
357.4935501354355,0.00
357.9050476328049,0.00
357.9510373622445,0.00
358.1355325273769,0.00
358.2303907160434,0.00
358.35743045489284,0.00
358.35816639189454,0.00
358.35912917432336,0.00
358.63786159630496,0.00
358.80705435681205,0.00
358.8962443848352,0.00
358.91596422539453,0.00
359.0186630309165,0.00
359.6868009351923,0.00
359.77614995557093,0.00
36.27334668341264,0.00
360.13492555415166,0.00
360.2245784133184,0.00
360.2562369808923,0.00
360.30913708341836,0.00
360.53345394200244,0.00
360.767767081076,0.00
360.7788200411169,0.00
360.8754399926837,0.00
360.92023350981736,0.00
361.0077221463164,0.00
362.01676729653985,0.00
362.29855226002053,0.00
362.48801049382837,0.00
362.5844490308448,0.00
362.78355358414825,0.00
363.30947767660217,0.00
363.6453837788219,0.00
363.7548098805406,0.00
363.7881419731741,0.00
364.41347262637856,0.00
364.44806032583915,0.00
364.63608979999657,0.00
365.77801579723035,0.00
365.90194959263664,0.00
366.0803016323392,0.00
366.1177426792298,0.00
366.70467204558855,0.00
366.8025150646498,0.00
367.0479128233071,0.00
367.0696480045366,0.00
368.28994328483736,0.00
368.30625977354026,0.00
368.47475130200576,0.00
368.6023508409897,0.00
369.09642133058463,0.00
369.1847470737183,0.00
369.2203171536653,0.00
369.2580479424836,0.00
37.783850309910676,0.00
370.31893745512457,0.00
370.3778327993151,0.00
370.6839302688984,0.00
370.74517859681947,0.00
370.7454803193444,0.00
370.9292767428797,0.00
370.933910460948,0.00
370.9628333696396,0.00
371.30340345362725,0.00
371.33257624783323,0.00
371.68177974394393,0.00
372.13855346082283,0.00
373.25177744762635,0.00
373.36498898738176,0.00
373.60132739481065,0.00
374.0697231137061,0.00
374.11141518762633,0.00
374.5607024107965,0.00
375.13067924819086,0.00
375.5121203790345,0.00
376.19510373084455,0.00
376.5375763700891,0.00
376.7799745342424,0.00
376.9249812455648,0.00
376.94312904581733,0.00
377.69547359537063,0.00
377.7400121947216,0.00
377.74110555164435,0.00
377.9999944108087,0.00
378.4620500050137,0.00
378.5112507255149,0.00
378.59717469333367,0.00
378.9681425528144,0.00
379.19543450301666,0.00
379.36564580324784,0.00
379.6770527463513,0.00
379.80647783405976,0.00
38.26387662146611,0.00
38.66486133270161,0.00
38.66871331548053,0.00
38.94222809171679,0.00
380.47446778214,0.00
380.6771062832392,0.00
381.2712488231131,0.00
381.4631820769678,0.00
381.4968596673465,0.00
381.6466662778199,0.00
382.2295569643216,0.00
382.6125047924843,0.00
382.7350759938557,0.00
382.7941197005512,0.00
382.985122225222,0.00
383.0636775910096,0.00
383.12164367569846,0.00
383.1495512092336,0.00
383.2481209815381,0.00
384.0594283080062,0.00
384.1443647222098,0.00
384.17764852164146,0.00
384.55486622820337,0.00
384.7495715140303,0.00
385.0715986585688,0.00
385.3993408520435,0.00
385.7270661376712,0.00
385.81403175204287,0.00
385.8936416036964,0.00
386.32816257667486,0.00
386.4198941639222,0.00
386.4235842178518,0.00
386.938826619247,0.00
387.0325126970526,0.00
387.1429970081877,0.00
387.80478326103804,0.00
387.87291293470184,0.00
388.19929522354965,0.00
388.2790805540618,0.00
388.40810691134766,0.00
388.5473088782638,0.00
388.9236963403163,0.00
389.05297072459604,0.00
389.1649964574865,0.00
389.2600254519039,0.00
389.54846943178427,0.00
389.5678961120649,0.00
389.64818667907684,0.00
39.08967281197239,0.00
39.74254068187352,0.00
39.80447966493612,0.00
390.5232360609555,0.00
390.74629521097467,0.00
390.78901250561006,0.00
390.9873524842376,0.00
391.6525462798095,0.00
391.7947499048598,0.00
392.10914107115127,0.00
392.58279932103983,0.00
392.5829577415555,0.00
392.8271477755167,0.00
393.17956038168603,0.00
393.4028457815844,0.00
393.49009202929926,0.00
393.6653058974445,0.00
393.7730624321376,0.00
393.9905565969197,0.00
394.5428405661095,0.00
395.15194121942335,0.00
395.2614381159442,0.00
395.26728262031804,0.00
395.3147596981062,0.00
395.58876340360916,0.00
395.9331580891402,0.00
396.05529143346206,0.00
396.52525009464546,0.00
396.63955692887606,0.00
396.6900031381085,0.00
396.8891231792511,0.00
396.9975034109624,0.00
397.12160211766746,0.00
397.80570963974367,0.00
397.88152705447175,0.00
398.24252118113367,0.00
399.7996241589595,0.00
40.23374747875301,0.00
40.98533637298607,0.00
400.31648721862337,0.00
400.4651437708931,0.00
401.12247948138815,0.00
401.3129949586864,0.00
402.0380917207592,0.00
402.64418490985497,0.00
403.6362003976388,0.00
403.80577139373503,0.00
404.06389973294716,0.00
404.16981478054925,0.00
404.2296140777114,0.00
405.0786804000096,0.00
405.8473422040593,0.00
405.86662883244486,0.00
406.2265876809158,0.00
406.50590911791085,0.00
407.08623520651116,0.00
407.8092032738308,0.00
407.8379038795202,0.00
408.13083440006216,0.00
409.00186716618106,0.00
409.0105396927698,0.00
409.07892407953636,0.00
409.8165470450024,0.00
41.73649683072495,0.00
411.1514002246139,0.00
411.76777249134017,0.00
411.7763512356249,0.00
411.7831813642,0.00
411.9353914290666,0.00
412.23062214959845,0.00
413.1154369058456,0.00
413.1374898928112,0.00
414.88218614494593,0.00
415.3335004136039,0.00
415.4524227773917,0.00
415.67880807234565,0.00
415.8943943555228,0.00
416.4184297348581,0.00
416.6064124021253,0.00
417.40185346436937,0.00
417.42638253696737,0.00
417.7985805550464,0.00
417.82647722303534,0.00
417.90001758833193,0.00
418.3185316472217,0.00
419.0693397543683,0.00
419.1879890534192,0.00
419.39557595682334,0.00
419.57816860819366,0.00
42.748974285473984,0.00
420.30354293120314,0.00
420.62687724362166,0.00
420.74980469235436,0.00
420.84298526130937,0.00
421.0436660154492,0.00
421.284881642734,0.00
421.290048159925,0.00
421.9738320626738,0.00
422.4154347348397,0.00
422.5455013710842,0.00
422.8429453013583,0.00
423.2510500503997,0.00
423.36538605510526,0.00
424.01600954285624,0.00
424.27987627078284,0.00
424.4036576388896,0.00
424.5815407351968,0.00
425.29661015633513,0.00
425.9886597319958,0.00
426.4627760840288,0.00
427.3215975178669,0.00
427.4817274059259,0.00
427.5911688841608,0.00
427.64075957381135,0.00
428.47965558766714,0.00
428.6405074486876,0.00
428.9800130166053,0.00
429.65048818817377,0.00
429.8379045109792,0.00
430.3412054822797,0.00
430.6353417450089,0.00
431.1966273099843,0.00
431.7218925994704,0.00
432.0310601281573,0.00
432.21354229289193,0.00
432.4902524077835,0.00
432.5111951199281,0.00
432.5605384419116,0.00
432.6257452834652,0.00
433.2185115740326,0.00
433.49576107312,0.00
434.4117607464425,0.00
434.5922589054274,0.00
434.6516246685654,0.00
434.7887986439194,0.00
435.0171858263382,0.00
435.8783804974665,0.00
435.9406534409788,0.00
436.5698926695188,0.00
437.29811804343234,0.00
437.6740093372881,0.00
438.0766139620987,0.00
438.10687860122175,0.00
438.29784260647807,0.00
438.3810892514295,0.00
438.71890948308373,0.00
439.3250982897433,0.00
439.32709721421037,0.00
439.3942975265561,0.00
439.43705898289727,0.00
439.5716031676985,0.00
439.98403625946935,0.00
44.04825609738752,0.00
44.39642518171303,0.00
44.46540415221738,0.00
44.52523534561053,0.00
44.624888029127455,0.00
440.07497501295717,0.00
440.4560060720285,0.00
440.6427034220824,0.00
441.6596545037754,0.00
441.9365909439292,0.00
442.50681476099953,0.00
443.4109335485377,0.00
443.58366699684007,0.00
443.5984811972323,0.00
443.73748241032035,0.00
443.93786776762164,0.00
444.1464067281439,0.00
444.26758562065595,0.00
444.43219221199934,0.00
444.5421056075676,0.00
445.07809351167884,0.00
445.49703086046486,0.00
445.7440716597212,0.00
446.05292148246286,0.00
446.2936477523523,0.00
446.78771744107684,0.00
447.71442397550544,0.00
448.773086267816,0.00
449.3517397917118,0.00
449.49793518990487,0.00
45.211268603841184,0.00
45.93933511159678,0.00
45.977403428978434,0.00
450.18554920240285,0.00
451.309418243123,0.00
451.79966015812516,0.00
451.8228975628818,0.00
452.2018217311747,0.00
452.23983254634834,0.00
452.3783022322119,0.00
452.6146185124683,0.00
452.91026554409655,0.00
453.83685900398086,0.00
454.0725271549131,0.00
454.2008754301886,0.00
454.9932411933433,0.00
455.27566576601686,0.00
455.94216830355987,0.00
456.21313520097686,0.00
456.6401927674164,0.00
457.7785205609342,0.00
458.8555223812468,0.00
458.8836474106213,0.00
458.95984637926944,0.00
459.03283153608635,0.00
46.36316053113577,0.00
46.458244790562354,0.00
46.58047050643437,0.00
460.2409034913957,0.00
460.7102263169715,0.00
462.6894352062668,0.00
462.90264266321884,0.00
463.50234534135234,0.00
463.65969817044817,0.00
464.4473170195349,0.00
465.3650436233666,0.00
466.1287281083955,0.00
466.2414934317102,0.00
466.2801450482122,0.00
466.29746152668304,0.00
467.2531204939263,0.00
467.4288779339556,0.00
467.92772790484617,0.00
468.22137541882995,0.00
468.6512472825898,0.00
468.7052928458012,0.00
469.04756211790743,0.00
469.0758778481292,0.00
469.42208509172826,0.00
47.32257537857057,0.00
47.75897274917302,0.00
47.886544894929045,0.00
470.8568348166193,0.00
471.5253588719589,0.00
471.7542147097184,0.00
471.9315442860443,0.00
473.2751599716878,0.00
474.8479401306942,0.00
475.81507666389433,0.00
475.9228196902706,0.00
476.3926193049999,0.00
476.8386939901419,0.00
476.9820651303388,0.00
477.74041143130256,0.00
478.454583869067,0.00
478.8129604568129,0.00
478.9423034683204,0.00
479.3096534503805,0.00
479.65583413113205,0.00
479.7758163569232,0.00
48.2775110089423,0.00
48.479332792751954,0.00
480.38739546290606,0.00
480.5867875131685,0.00
481.24659395712615,0.00
481.3196926775798,0.00
482.7558857365159,0.00
484.0119147726336,0.00
485.32801607324654,0.00
486.2810961088108,0.00
486.55527547875033,0.00
486.6030923613876,0.00
486.7108400951765,0.00
486.99069865045135,0.00
488.51432407964273,0.00
489.3028592816681,0.00
49.52483942117678,0.00
490.5655168060612,0.00
491.9988818403125,0.00
493.5275481218022,0.00
493.5631648326848,0.00
493.5858867839457,0.00
493.75835039065583,0.00
495.3410814431729,0.00
495.9593972985807,0.00
496.6145290119397,0.00
497.04140338196714,0.00
498.49997989675416,0.00
498.5773247165629,0.00
499.018455789724,0.00
499.17729386520597,0.00
499.44333565958084,0.00
5.5614506695066535,0.00
5.954686023183314,0.00
50.549177917306274,0.00
50.58056056324497,0.00
50.75170583302428,0.00
500.75405732302943,0.00
501.64788101599817,0.00
502.13176813102274,0.00
503.06358924068803,0.00
503.31115955942886,0.00
503.6820692267816,0.00
505.7423270471537,0.00
505.92750816853373,0.00
506.2629424134657,0.00
506.7683782249446,0.00
507.0997493102062,0.00
509.9082271274388,0.00
51.233246838265494,0.00
51.503518871594,0.00
51.563805285073116,0.00
51.67602008656861,0.00
510.2316455293534,0.00
510.5403000762265,0.00
510.5665148371352,0.00
511.13116292061295,0.00
511.2703189258242,0.00
511.4872520543423,0.00
511.8718235465986,0.00
513.0859184747144,0.00
513.9708365282103,0.00
514.499983057134,0.00
515.7253151932726,0.00
517.1217472341543,0.00
518.8906917542562,0.00
518.8929191019615,0.00
519.9579680702002,0.00
52.34379746474449,0.00
52.359883637251606,0.00
52.67899226738638,0.00
520.2133659626612,0.00
521.1383311631299,0.00
521.568571363658,0.00
521.640476248979,0.00
522.0602824798574,0.00
523.540475435766,0.00
523.8291267377064,0.00
523.9096942850249,0.00
524.1265118522589,0.00
524.2511526092717,0.00
524.7034957184442,0.00
526.3906065088148,0.00
526.5193764221964,0.00
528.6880660562647,0.00
529.8154519797847,0.00
53.170693186559824,0.00
53.18909582383055,0.00
53.37368288052922,0.00
530.1479751382584,0.00
530.1497173306205,0.00
530.7465036421511,0.00
531.0149945993609,0.00
532.4633429702496,0.00
532.9174663337549,0.00
533.9941065252732,0.00
534.3829488104907,0.00
535.6733409697947,0.00
535.7250344202797,0.00
536.3750540929018,0.00
537.0456942083783,0.00
537.1810780568343,0.00
539.1036683759443,0.00
54.03971891426012,0.00
54.57910132404727,0.00
54.85379612970329,0.00
540.2445208357407,0.00
540.5361231237047,0.00
541.1610204627164,0.00
543.7103099419896,0.00
544.8088401750173,0.00
545.6605463169907,0.00
545.6979054594653,0.00
546.7135453562447,0.00
547.559502380043,0.00
548.1644350472793,0.00
548.2629477860881,0.00
549.2140707526232,0.00
549.3582249123424,0.00
55.119658160744784,0.00
55.123258663225315,0.00
55.3079118990243,0.00
55.518633355173094,0.00
55.7694439660473,0.00
55.99736227324311,0.00
550.2927970163802,0.00
550.7389700654961,0.00
551.3668716935425,0.00
552.0242381140289,0.00
552.2625794465771,0.00
552.4173904525686,0.00
552.5949504341223,0.00
553.3027027463736,0.00
558.2849782714577,0.00
56.15795560059936,0.00
56.643834656731045,0.00
560.0461322056085,0.00
560.2440868005435,0.00
560.5093414533013,0.00
561.1283267164367,0.00
562.0101595047163,0.00
562.0319857966883,0.00
563.6576701000382,0.00
564.6425879303936,0.00
565.4536452556084,0.00
566.4766819449563,0.00
567.2490788851367,0.00
57.305304345097895,0.00
57.5270247787525,0.00
57.6533598367215,0.00
570.6712409998369,0.00
570.8014888021926,0.00
571.2023386594494,0.00
571.4181574632316,0.00
571.6948101207416,0.00
571.9999852431383,0.00
573.5877862931335,0.00
574.0353483818269,0.00
574.5796311147118,0.00
574.8105837552042,0.00
575.9279310189994,0.00
576.5081422878122,0.00
576.7709618893832,0.00
577.4666215286476,0.00
578.3684620091248,0.00
579.1267156472662,0.00
579.3173029417072,0.00
579.3946936970804,0.00
579.4443740432455,0.00
58.61562601671911,0.00
580.6652279347613,0.00
581.0922185169293,0.00
582.1111261311388,0.00
582.827385478479,0.00
582.9226643815907,0.00
583.4550696264049,0.00
588.6539264088694,0.00
589.5373787182493,0.00
59.317847158987924,0.00
59.42517676021265,0.00
590.4552159128605,0.00
591.8602146656307,0.00
594.6102902539902,0.00
596.5891883792859,0.00
599.6075059954487,0.00
6.164076104235453,0.00
60.01231330395582,0.00
60.778495833336784,0.00
60.83219503626201,0.00
600.2824615535305,0.00
600.7258511059183,0.00
600.8980692040352,0.00
601.9564015959493,0.00
607.8223139556886,0.00
609.2743024922562,0.00
609.9896013863157,0.00
61.584120386613634,0.00
61.68198840666068,0.00
61.74672045733493,0.00
61.78510393768985,0.00
612.3304371508098,0.00
613.663293181941,0.00
613.7475030875645,0.00
614.5931175564051,0.00
614.6534277988444,0.00
617.1890632584747,0.00
618.1442494295085,0.00
618.2360304994903,0.00
618.2590863611614,0.00
62.111164882375796,0.00
620.759659437162,0.00
622.860103269843,0.00
627.6335946525489,0.00
629.5893093525444,0.00
63.0604926029025,0.00
63.6988767662848,0.00
63.719287366706496,0.00
635.8430893089368,0.00
644.1342128198189,0.00
647.9024785489979,0.00
648.2189356578824,0.00
649.4399060649857,0.00
65.18054551683363,0.00
65.26026080148482,0.00
65.94518572011562,0.00
653.5157571022032,0.00
657.471540188834,0.00
66.11388573128431,0.00
66.15346734185489,0.00
66.34078948513691,0.00
66.57070684040202,0.00
660.1360956741629,0.00
67.05259109739454,0.00
672.3609239449698,0.00
673.7455409363703,0.00
675.5932443741757,0.00
677.7519337453227,0.00
68.05821012427283,0.00
68.48081949254669,0.00
68.70785518699142,0.00
68.72959605737822,0.00
682.4589568857336,0.00
684.5781842881463,0.00
686.0787218453438,0.00
688.4233805788983,0.00
69.21304269560204,0.00
69.4100073214384,0.00
69.51847714123986,0.00
691.3339520247943,0.00
694.3383096338614,0.00
698.4925714417398,0.00
7.613117116697482,0.00
7.648401382700667,0.00
70.16782722470622,0.00
70.26999410079934,0.00
70.29150335589226,0.00
703.8438060690463,0.00
705.2877473387134,0.00
708.9478921733148,0.00
71.24320668694884,0.00
71.43672081399394,0.00
71.47987765475249,0.00
71.81891356477423,0.00
71.96397346928308,0.00
712.9539204105963,0.00
718.0943200171272,0.00
72.54649234198473,0.00
72.621442040472,0.00
726.429503243526,0.00
73.1647149396842,0.00
73.32173430863081,0.00
73.40211857508835,0.00
74.12464306060416,0.00
74.51184032672344,0.00
75.5183132850873,0.00
75.75893439226421,0.00
75.91301589943428,0.00
76.3776275382368,0.00
76.7303595004756,0.00
76.81355702081204,0.00
76.90597163083733,0.00
764.7973579574675,0.00
77.2333742691318,0.00
77.51837188348053,0.00
78.35760819760303,0.00
78.63823199114489,0.00
78.89874064284719,0.00
780.209304183596,0.00
79.17086809591237,0.00
79.53921638599245,0.00
79.84598623278147,0.00
792.2306483753349,0.00
80.1309002404786,0.00
80.17493394177737,0.00
81.32096604279994,0.00
81.7095173816786,0.00
81.76581525438006,0.00
81.92074900956273,0.00
82.03068829659097,0.00
82.09228244145106,0.00
82.27199405576157,0.00
82.29763398579121,0.00
82.43329863611245,0.00
82.56550744404194,0.00
83.00118108845703,0.00
84.24137147869466,0.00
84.40377422310013,0.00
85.66776133414403,0.00
85.98874171785353,0.00
86.56354170931485,0.00
86.85226206649601,0.00
87.1241822623654,0.00
87.47091365290709,0.00
87.58920845410728,0.00
87.77460846063852,0.00
87.81647413894423,0.00
88.0932406225905,0.00
88.6129534375563,0.00
88.78609270861227,0.00
89.02689752003134,0.00
89.17564216166048,0.00
89.28910398560913,0.00
89.61830118697853,0.00
89.68231240015392,0.00
89.81992190636173,0.00
89.90888799022345,0.00
9.00909500466649,0.00
9.461633314060242,0.00
9.616616555849168,0.00
90.00913557252079,0.00
90.48627884065952,0.00
90.62873892606432,0.00
90.76701461937334,0.00
91.25017539750357,0.00
91.49652577251116,0.00
91.52598913728987,0.00
92.47281425659102,0.00
92.67528547110341,0.00
92.71745310435442,0.00
93.623800766513,0.00
94.38672253402001,0.00
95.17649476368996,0.00
95.20173024319818,0.00
95.91333432949116,0.00
96.04174941135835,0.00
96.49176265682924,0.00
96.87599760435327,0.00
97.20295445445629,0.00
97.74522066339108,0.00
97.76314044912905,0.00
98.22685983669962,0.00
98.27580393321915,0.00
98.40011853964712,0.00
98.62703432011386,0.00
98.62753952834049,0.00
99.19453156319942,0.00
99.20160538790279,0.00
99.25085063586548,0.00
99.86606676804449,0.00
